{"sigmas": [0.0, 0.05, 0.1, 0.15, 0.2, 0.25, 0.3, 0.35, 0.4, 0.45, 0.5, 0.55, 0.6, 0.65, 0.7, 0.75, 0.8, 0.85, 0.9, 0.95], "iters": 1, "losses": [0.05712110921740532, 0.029355907812714577, 0.7359233498573303, 4.547353744506836], "test_losses": [4.881791591644287, 3.8708395957946777, 5.754780292510986, 7.712733745574951], "accuracies": [0.96875, 0.984375, 0.828125, 0.296875], "test_accuracies": [0.390625, 0.4375, 0.28125, 0.1875], "model": "Adam"}