{"sigmas": [0.0, 0.05, 0.1, 0.15, 0.2, 0.25, 0.3, 0.35, 0.4, 0.45, 0.5, 0.55, 0.6, 0.65, 0.7, 0.75, 0.8, 0.85, 0.9, 0.95, 1.0], "iters": 10, "losses": [0.08864934742450714, 0.06275241076946259, 0.21658824384212494, 1.2201019525527954, 2.9531567096710205, 4.871321201324463, 6.703875541687012, 8.3362398147583, 9.81652545928955, 11.112350463867188, 12.095643043518066, 12.974851608276367, 13.624598503112793, 14.15054988861084, 14.547560691833496, 14.83650016784668, 15.015963554382324, 15.236809730529785, 15.30214786529541, 15.38233470916748, 15.478852272033691], "test_losses": [4.70051908493042, 4.614709854125977, 4.9371514320373535, 5.979664325714111, 7.166415214538574, 8.335010528564453, 9.307106018066406, 10.306694030761719, 11.283697128295898, 12.142661094665527, 12.926851272583008, 13.560579299926758, 14.151606559753418, 14.510348320007324, 14.837974548339844, 15.048624038696289, 15.215795516967773, 15.34668254852295, 15.508034706115723, 15.52241325378418, 15.59125804901123], "accuracies": [0.96136, 0.97112, 0.9334, 0.75436, 0.53712, 0.36204, 0.23836, 0.1548, 0.10008, 0.07332, 0.05012, 0.03968, 0.03268, 0.02812, 0.02636, 0.02508, 0.0228, 0.02184, 0.02236, 0.02248, 0.022], "test_accuracies": [0.4004, 0.40908, 0.37956, 0.30924, 0.23524, 0.17484, 0.13, 0.0906, 0.06904, 0.0536, 0.04052, 0.03304, 0.02756, 0.02632, 0.02448, 0.02284, 0.02208, 0.02232, 0.02104, 0.02052, 0.01996], "model": "Noise"}