{"epss": [0.0, 0.001, 0.002, 0.003, 0.004, 0.005, 0.006, 0.007, 0.008, 0.009, 0.01, 0.011, 0.012, 0.013, 0.014, 0.015, 0.016, 0.017, 0.018, 0.019, 0.02, 0.021, 0.022, 0.023, 0.024, 0.025, 0.026, 0.027, 0.028, 0.029, 0.03], "losses": [0.01655813865363598, 0.044861454516649246, 0.42056331038475037, 1.4083125591278076, 2.8731167316436768, 4.250198841094971, 5.586346626281738, 6.976759910583496, 7.8221635818481445, 8.987131118774414, 9.739789962768555, 10.364933967590332, 11.194964408874512, 11.777750968933105, 12.324281692504883, 12.983301162719727, 13.188908576965332, 13.614331245422363, 13.944218635559082, 14.316390991210938, 14.75440502166748, 14.847137451171875, 14.990335464477539, 15.347007751464844, 15.419827461242676, 15.667202949523926, 15.808511734008789, 15.838854789733887, 16.156862258911133, 16.28554916381836, 16.25847816467285], "test_losses": [4.123528480529785, 6.978163719177246, 9.961570739746094, 12.802325248718262, 15.171696662902832, 17.11642837524414, 19.01942253112793, 20.511213302612305, 21.63486671447754, 22.804691314697266, 23.82621955871582, 24.601606369018555, 25.589065551757812, 26.164520263671875, 26.8662052154541, 27.15667724609375, 27.55661392211914, 27.9517879486084, 28.357223510742188, 28.43717384338379, 28.81772804260254, 29.466995239257812, 29.481042861938477, 29.473093032836914, 29.613759994506836, 29.59881591796875, 29.483356475830078, 29.56595230102539, 29.469219207763672, 29.40643310546875, 29.6563720703125], "accuracies": [0.988, 0.98, 0.8432, 0.606, 0.4384, 0.3232, 0.248, 0.2044, 0.174, 0.1496, 0.1272, 0.1108, 0.098, 0.0904, 0.0828, 0.074, 0.0668, 0.0632, 0.0592, 0.0576, 0.0536, 0.0512, 0.0456, 0.0424, 0.0416, 0.0416, 0.0392, 0.0384, 0.038, 0.036, 0.0348], "test_accuracies": [0.4448, 0.2756, 0.1724, 0.1208, 0.0872, 0.0656, 0.0576, 0.0512, 0.0436, 0.0376, 0.0356, 0.0316, 0.0272, 0.026, 0.0232, 0.022, 0.0204, 0.0196, 0.0164, 0.0156, 0.0132, 0.0128, 0.0124, 0.012, 0.0116, 0.0116, 0.0108, 0.0104, 0.0104, 0.0104, 0.01], "model": "Adam"}