{"epss": [0.0, 0.001, 0.002, 0.003, 0.004, 0.005, 0.006, 0.007, 0.008, 0.009, 0.01, 0.011, 0.012, 0.013, 0.014, 0.015, 0.016, 0.017, 0.018, 0.019, 0.02, 0.021, 0.022, 0.023, 0.024, 0.025, 0.026, 0.027, 0.028, 0.029, 0.03], "losses": [0.014449906535446644, 0.02577134594321251, 0.0782151073217392, 0.36256229877471924, 1.026752233505249, 2.0551531314849854, 3.021902561187744, 4.128851890563965, 5.297643184661865, 6.107205390930176, 7.018479347229004, 7.79315185546875, 8.591930389404297, 9.310503005981445, 9.785709381103516, 10.199235916137695, 10.850903511047363, 11.318483352661133, 11.736196517944336, 12.188997268676758, 12.338043212890625, 12.732806205749512, 13.172528266906738, 13.409794807434082, 13.594317436218262, 13.860761642456055, 14.072809219360352, 14.265345573425293, 14.301600456237793, 14.48255729675293, 14.893402099609375], "test_losses": [3.6420860290527344, 5.812939643859863, 8.259683609008789, 10.499853134155273, 12.602753639221191, 14.455419540405273, 15.98523235321045, 17.384403228759766, 18.50989532470703, 19.77635955810547, 20.56252098083496, 21.52733039855957, 22.184337615966797, 22.980709075927734, 23.3726863861084, 23.61956024169922, 24.377857208251953, 24.778148651123047, 25.147939682006836, 25.57557487487793, 25.61099624633789, 25.68692970275879, 25.84584617614746, 26.208171844482422, 26.190475463867188, 26.6265811920166, 26.527130126953125, 26.883438110351562, 26.617996215820312, 26.645736694335938, 26.796533584594727], "accuracies": [0.9928, 0.984, 0.9676, 0.8776, 0.6764, 0.5052, 0.3712, 0.2848, 0.2288, 0.1888, 0.1612, 0.134, 0.1152, 0.0952, 0.086, 0.0748, 0.0648, 0.0624, 0.0568, 0.0524, 0.0504, 0.0476, 0.044, 0.0408, 0.0396, 0.0388, 0.038, 0.0356, 0.0336, 0.0324, 0.0292], "test_accuracies": [0.4756, 0.3204, 0.2132, 0.1544, 0.1112, 0.086, 0.0716, 0.06, 0.0544, 0.05, 0.0436, 0.0376, 0.0328, 0.0296, 0.0288, 0.0284, 0.0268, 0.024, 0.0232, 0.0212, 0.0212, 0.0212, 0.0196, 0.0184, 0.0172, 0.0164, 0.0164, 0.0164, 0.0152, 0.0144, 0.014], "model": "SWA"}