{"sigmas": [0.0, 0.05, 0.1, 0.15, 0.2, 0.25, 0.3, 0.35, 0.4, 0.45, 0.5, 0.55, 0.6, 0.65, 0.7, 0.75, 0.8, 0.85, 0.9, 0.95], "iters": 25, "losses": [0.016789909452199936, 0.017171356827020645, 0.022365136072039604, 0.0327175110578537, 0.16085530817508698, 0.27263209223747253, 0.64280104637146, 0.8987373113632202, 1.2282720804214478, 1.8932255506515503, 2.4398505687713623, 3.134291172027588, 4.594030857086182, 3.930007219314575, 5.546575546264648, 5.858211517333984, 7.204016208648682, 7.167642593383789, 8.483269691467285, 9.712674140930176], "test_losses": [4.128478527069092, 4.12849235534668, 4.212648868560791, 4.406660556793213, 4.452893257141113, 4.677706718444824, 5.110428810119629, 5.4172539710998535, 5.553781509399414, 5.476972579956055, 6.217679977416992, 6.114738941192627, 6.815693378448486, 6.8039774894714355, 7.765690803527832, 8.092537879943848, 8.563009262084961, 8.733739852905273, 9.206941604614258, 9.128861427307129], "accuracies": [0.9879999999999997, 0.9880639999999999, 0.98688, 0.983888, 0.948944, 0.92072, 0.8489120000000001, 0.8005120000000002, 0.74056, 0.6478400000000001, 0.5737919999999999, 0.5107680000000002, 0.388768, 0.386448, 0.29612799999999995, 0.24835200000000004, 0.19328000000000004, 0.17820799999999998, 0.11897600000000003, 0.09340800000000002], "test_accuracies": [0.4448000000000002, 0.44032000000000004, 0.42916799999999994, 0.4156, 0.401216, 0.3799839999999999, 0.35195199999999993, 0.319216, 0.30928, 0.30479999999999996, 0.254288, 0.252432, 0.21252800000000005, 0.21515200000000004, 0.163056, 0.146224, 0.135104, 0.10974399999999998, 0.090144, 0.09312000000000001], "model": "Adam"}