{"dxs": [0, 5, 10, 15, 20, 25, 30, 35, 40, 45, 50, 55, 60, 65, 70, 75, 80, 85, 90, 95], "dys": [0, 5, 10, 15, 20, 25, 30, 35, 40, 45, 50, 55, 60, 65, 70, 75, 80, 85, 90, 95], "iters": 10, "losses": [0.08955754467220685, 0.31784924497274913, 0.6019767983802738, 0.6378014364995762, 0.7864637579928161, 1.0498724779556508, 1.5025389651465229, 2.07208721589297, 2.7462442183680826, 3.2862664297665467, 4.177688226997852, 4.97995762243867, 5.659907498061657, 6.518944314420224, 7.2876721906662, 7.991995096206665, 8.847069311141968, 9.476615418195724, 9.803262959718705, 10.118151067495347], "test_losses": [4.839041678905486, 5.007921435534954, 5.246942865252494, 5.266939783096314, 5.282757873535156, 5.465867956280708, 5.634821728467941, 6.083084332942963, 6.402074383497239, 6.75146550476551, 7.130248262286186, 7.484853025674819, 7.8471386432647705, 8.3878098154068, 8.59182540178299, 8.890330506563185, 9.544659051895142, 10.02008041381836, 10.199369481801988, 10.174918205738068], "accuracies": [0.9627999999999999, 0.9141599999999999, 0.8629200000000001, 0.85348, 0.8242799999999999, 0.7756399999999999, 0.70096, 0.63052, 0.5423200000000001, 0.47748, 0.38883999999999996, 0.31264, 0.2548, 0.19596000000000002, 0.15048, 0.10848, 0.07443999999999999, 0.05292000000000001, 0.04208, 0.033479999999999996], "test_accuracies": [0.4004, 0.38120000000000004, 0.35876, 0.35052, 0.34032, 0.32284000000000007, 0.30436, 0.27488, 0.24972, 0.22159999999999996, 0.19268, 0.17220000000000002, 0.14171999999999998, 0.11428, 0.094, 0.07840000000000001, 0.0576, 0.04684, 0.0376, 0.03116], "model": "Noise"}