{"nsteps": 50, "losses": [0.016555098132266723, 0.0653986771707423, 0.3681224975734949, 0.9346557304263114, 1.6316345930099487, 2.5453747510910034, 3.3507289588451385, 4.191544878482818, 4.998693430423737, 5.533611857891083, 5.915855294466018, 6.299193179607391, 6.529161095619202, 6.672414457798004, 6.681051003932953, 6.718046867847443, 6.787844896316528, 6.6812049627304075, 6.627614879608155, 6.600122129917144, 6.440074777603149, 6.343894982337952, 6.188547742366791, 6.02179741859436, 5.943716728687287, 5.794920408725739, 5.695711410045623, 5.720428693294525, 5.642524266242981, 5.669682049751282, 5.68121167421341, 5.782444500923157, 5.773967343568802, 5.921860706806183, 6.04988683462143, 6.090786385536194, 6.224450016021729, 6.367267823219299, 6.410027754306793, 6.396938753128052, 6.344463872909546, 6.14907660484314, 5.631048798561096, 4.862731850147247, 3.7617027878761293, 2.573576384782791, 1.406535763759166, 0.5938524045050144, 0.1218789660364564, 0.020553156599635258, 0.014449657560635387], "test_losses": [4.102537190914154, 4.118483459949493, 4.294607537984848, 4.510049360990524, 4.839899122714996, 5.0278981804847716, 5.4093785881996155, 5.784604597091675, 6.098454320430756, 6.357632899284363, 6.6018061876297, 6.703734910488128, 6.829028236865997, 6.876801979541779, 6.823980271816254, 6.898815405368805, 6.796289384365082, 6.775236093997956, 6.732533156871796, 6.6157225370407104, 6.44879105091095, 6.289233148097992, 6.184602463245392, 6.076011395454406, 5.905478596687317, 5.837523865699768, 5.75804283618927, 5.698233604431152, 5.679306948184967, 5.704598510265351, 5.712428462505341, 5.758520841598511, 5.790344870090484, 5.84921669960022, 5.999800181388855, 6.104666090011596, 6.251369655132294, 6.399619400501251, 6.503916871547699, 6.6075429797172545, 6.628035223484039, 6.56619690656662, 6.296534252166748, 5.885070121288299, 5.365298736095428, 4.750797909498215, 4.251208817958831, 3.859634077548981, 3.6944724678993226, 3.5927451610565186, 3.724210429191589], "accuracies": [0.988, 0.9724, 0.876, 0.734, 0.586, 0.4212, 0.2776, 0.1888, 0.1292, 0.0924, 0.0652, 0.05, 0.034, 0.0272, 0.0232, 0.0216, 0.0208, 0.02, 0.02, 0.02, 0.02, 0.02, 0.02, 0.02, 0.02, 0.02, 0.02, 0.02, 0.0192, 0.0188, 0.0184, 0.02, 0.0216, 0.0256, 0.028, 0.0276, 0.0296, 0.0308, 0.0308, 0.032, 0.0348, 0.05, 0.0788, 0.1336, 0.2216, 0.3924, 0.6156, 0.8316, 0.9596, 0.9932, 0.9928], "test_accuracies": [0.4448, 0.3948, 0.3404, 0.288, 0.2392, 0.1868, 0.1372, 0.1, 0.0784, 0.0596, 0.0456, 0.036, 0.0256, 0.0208, 0.02, 0.02, 0.02, 0.02, 0.02, 0.02, 0.02, 0.02, 0.02, 0.02, 0.02, 0.02, 0.02, 0.02, 0.0192, 0.018, 0.0184, 0.02, 0.0208, 0.0228, 0.0248, 0.026, 0.0264, 0.0256, 0.0264, 0.028, 0.0308, 0.0364, 0.0544, 0.0812, 0.1268, 0.1856, 0.2604, 0.3308, 0.3916, 0.4396, 0.4756], "l2_distance": 0.003951816353946924, "l2_convs": 3.495113560347818e-05, "l2_bn": 0.2316589057445526, "model1": "Adam", "model2": "SWA"}