{"sigmas": [0.0, 0.05, 0.1, 0.15, 0.2, 0.25, 0.3, 0.35, 0.4, 0.45, 0.5, 0.55, 0.6, 0.65, 0.7, 0.75, 0.8, 0.85, 0.9, 0.95, 1.0], "iters": 10, "losses": [0.014589640311896801, 0.0311906598508358, 0.588269054889679, 2.060446262359619, 3.816904306411743, 5.390199661254883, 6.6990532875061035, 7.629558563232422, 8.380899429321289, 8.85931396484375, 9.238800048828125, 9.509440422058105, 9.719268798828125, 9.89175796508789, 10.014837265014648, 10.10491943359375, 10.151578903198242, 10.264147758483887, 10.308218002319336, 10.33559513092041, 10.372403144836426], "test_losses": [3.5686748027801514, 3.8117222785949707, 4.5515971183776855, 5.471165657043457, 6.3192315101623535, 7.066530227661133, 7.767297267913818, 8.358380317687988, 8.821545600891113, 9.209166526794434, 9.497458457946777, 9.69481086730957, 9.83366870880127, 9.98396110534668, 10.050769805908203, 10.14525032043457, 10.206911087036133, 10.279589653015137, 10.316235542297363, 10.351967811584473, 10.38943862915039], "accuracies": [0.99136, 0.9852, 0.86164, 0.60396, 0.38768, 0.24456, 0.1542, 0.10884, 0.07576, 0.06, 0.04808, 0.04016, 0.03448, 0.03232, 0.02992, 0.02896, 0.02804, 0.0254, 0.02448, 0.02468, 0.02416], "test_accuracies": [0.47488, 0.43924, 0.35468, 0.26416, 0.19656, 0.1416, 0.10132, 0.07616, 0.05788, 0.04856, 0.04036, 0.03676, 0.03384, 0.03, 0.02792, 0.02676, 0.02448, 0.0262, 0.02288, 0.02496, 0.02348], "model": "SWA"}