{"sigmas": [0.0, 0.05, 0.1, 0.15, 0.2, 0.25, 0.3, 0.35, 0.4, 0.45, 0.5, 0.55, 0.6, 0.65, 0.7, 0.75, 0.8, 0.85, 0.9, 0.95, 1.0], "iters": 10, "losses": [0.0165530014783144, 0.04546164721250534, 0.7041997909545898, 2.324359178543091, 4.279311656951904, 6.0206522941589355, 7.50856351852417, 8.659276008605957, 9.622072219848633, 10.335209846496582, 10.904139518737793, 11.28335189819336, 11.665470123291016, 11.940217971801758, 12.19762897491455, 12.401978492736816, 12.55355453491211, 12.686712265014648, 12.805062294006348, 12.878047943115234, 13.014396667480469], "test_losses": [4.048135757446289, 4.27838134765625, 5.085450172424316, 6.081675052642822, 7.0300750732421875, 7.941439628601074, 8.800798416137695, 9.49411392211914, 10.089202880859375, 10.639516830444336, 11.050189971923828, 11.476216316223145, 11.748108863830566, 11.979146003723145, 12.255950927734375, 12.424190521240234, 12.559017181396484, 12.710203170776367, 12.78867244720459, 12.902897834777832, 12.980612754821777], "accuracies": [0.98656, 0.9788, 0.825, 0.57276, 0.36692, 0.23556, 0.15696, 0.10424, 0.07872, 0.05988, 0.04916, 0.04488, 0.03912, 0.03528, 0.0326, 0.03292, 0.03056, 0.02776, 0.02804, 0.02732, 0.02616], "test_accuracies": [0.44444, 0.40828, 0.33892, 0.2626, 0.19612, 0.1418, 0.10368, 0.08084, 0.06456, 0.05332, 0.04584, 0.03968, 0.03772, 0.0338, 0.03064, 0.02928, 0.02824, 0.0266, 0.02664, 0.02536, 0.0246], "model": "Adam"}