{"epss": [0.0, 0.001, 0.002, 0.003, 0.004, 0.005, 0.006, 0.007, 0.008, 0.009, 0.01, 0.011, 0.012, 0.013, 0.014, 0.015, 0.016, 0.017, 0.018, 0.019, 0.02, 0.021, 0.022, 0.023, 0.024, 0.025, 0.026, 0.027, 0.028, 0.029, 0.03], "losses": [0.08872456848621368, 0.2991347908973694, 0.871627926826477, 1.7323538064956665, 2.8741002082824707, 4.248478889465332, 5.443079471588135, 6.734443664550781, 8.006434440612793, 8.942371368408203, 10.018133163452148, 11.071942329406738, 11.816812515258789, 12.801765441894531, 13.492742538452148, 14.223628044128418, 14.6157808303833, 15.436599731445312, 15.670541763305664, 16.59626007080078, 16.727581024169922, 17.234315872192383, 17.519346237182617, 17.774036407470703, 18.266990661621094, 18.588817596435547, 18.792497634887695, 19.23733901977539, 19.366504669189453, 19.718101501464844, 19.709049224853516], "test_losses": [4.842718124389648, 6.822020053863525, 8.886218070983887, 11.170063972473145, 13.234098434448242, 14.955362319946289, 16.82152557373047, 18.39818000793457, 19.851505279541016, 21.099536895751953, 22.624807357788086, 23.300241470336914, 24.418888092041016, 25.423526763916016, 26.208560943603516, 26.853490829467773, 27.887039184570312, 28.31353759765625, 28.693233489990234, 29.73299217224121, 30.036762237548828, 30.50919532775879, 30.558475494384766, 31.096233367919922, 31.716583251953125, 31.967727661132812, 32.25983810424805, 32.22090530395508, 32.414573669433594, 32.537235260009766, 32.866912841796875], "accuracies": [0.9628, 0.8956, 0.7688, 0.6116, 0.464, 0.3544, 0.2852, 0.2408, 0.1996, 0.1688, 0.1504, 0.13, 0.114, 0.1048, 0.0932, 0.0828, 0.0768, 0.0744, 0.0684, 0.0644, 0.0604, 0.0568, 0.0524, 0.0512, 0.0472, 0.0448, 0.0424, 0.0416, 0.04, 0.0388, 0.038], "test_accuracies": [0.4004, 0.2904, 0.2092, 0.1508, 0.114, 0.0888, 0.0688, 0.0568, 0.05, 0.0452, 0.038, 0.0356, 0.0328, 0.0316, 0.03, 0.0264, 0.0244, 0.0236, 0.0228, 0.0216, 0.02, 0.0188, 0.018, 0.0168, 0.016, 0.014, 0.014, 0.0132, 0.0128, 0.0124, 0.0108], "model": "Noise"}