{"sigmas": [0.0, 0.05, 0.1, 0.15, 0.2, 0.25, 0.3, 0.35, 0.4, 0.45, 0.5, 0.55, 0.6, 0.65, 0.7, 0.75, 0.8, 0.85, 0.9, 0.95], "iters": 25, "losses": [0.014772126451134682, 0.01489290688186884, 0.01669498346745968, 0.022050386294722557, 0.05435774847865105, 0.26655444502830505, 0.20337364077568054, 0.45216673612594604, 0.9744631052017212, 1.6580463647842407, 1.6379033327102661, 2.544480323791504, 2.629392623901367, 4.779019355773926, 4.3134355545043945, 5.166910171508789, 6.113758563995361, 7.382801532745361, 7.326228618621826, 7.845961093902588], "test_losses": [3.639270544052124, 3.6708102226257324, 3.7348079681396484, 3.8295767307281494, 4.025644302368164, 4.156677722930908, 4.298164367675781, 4.653493881225586, 4.630863189697266, 5.133170127868652, 5.64725399017334, 6.140156269073486, 5.930967330932617, 6.550811767578125, 7.2111124992370605, 7.0130743980407715, 8.004084587097168, 7.858978271484375, 9.164902687072754, 8.986061096191406], "accuracies": [0.9927999999999999, 0.9922080000000002, 0.991152, 0.9893439999999998, 0.9811520000000001, 0.9277279999999999, 0.9408480000000001, 0.8797599999999999, 0.780912, 0.6738080000000001, 0.6592480000000001, 0.548992, 0.5243680000000001, 0.3246559999999999, 0.371952, 0.28192, 0.221248, 0.18806400000000004, 0.16180799999999998, 0.13271999999999998], "test_accuracies": [0.4756, 0.470288, 0.4616160000000001, 0.446928, 0.42694399999999993, 0.41510400000000003, 0.397312, 0.3612960000000001, 0.36076800000000003, 0.3197920000000001, 0.281584, 0.24985600000000005, 0.24238400000000004, 0.199968, 0.18476799999999996, 0.17048, 0.14184000000000002, 0.12289600000000002, 0.10488000000000001, 0.09423999999999998], "model": "SWA"}