{"sigmas": [0.0, 0.05, 0.1, 0.15, 0.2, 0.25, 0.3, 0.35, 0.4, 0.45, 0.5, 0.55, 0.6, 0.65, 0.7, 0.75, 0.8, 0.85, 0.9, 0.95], "iters": 25, "losses": [0.09055239707231522, 0.09324192255735397, 0.12396673113107681, 0.15738515555858612, 0.15632352232933044, 0.2613360285758972, 0.3930455148220062, 0.6198316812515259, 0.7836409211158752, 1.348423957824707, 1.9385786056518555, 1.8374600410461426, 2.525757074356079, 3.3179266452789307, 4.442215919494629, 5.067261219024658, 5.994051933288574, 6.335190296173096, 7.946201324462891, 7.688620090484619], "test_losses": [4.790342330932617, 4.797224044799805, 4.831146240234375, 4.8419694900512695, 4.935314178466797, 4.994983196258545, 5.046963214874268, 5.198782444000244, 5.5502824783325195, 5.867144584655762, 6.035545825958252, 6.334438323974609, 6.296530723571777, 6.994317054748535, 7.1491875648498535, 7.476335048675537, 8.467238426208496, 8.809418678283691, 9.368782043457031, 9.656745910644531], "accuracies": [0.9628000000000003, 0.9639200000000001, 0.9557599999999999, 0.9453919999999999, 0.9484000000000001, 0.9220160000000002, 0.8900800000000002, 0.842448, 0.8078239999999997, 0.7234719999999999, 0.631056, 0.6391680000000002, 0.5532, 0.4791519999999999, 0.392384, 0.311056, 0.26680000000000004, 0.238656, 0.19017600000000004, 0.15696000000000004], "test_accuracies": [0.4004, 0.39868799999999993, 0.3957599999999999, 0.3961440000000001, 0.3815039999999999, 0.374272, 0.37131200000000014, 0.357984, 0.32975999999999994, 0.304768, 0.29086400000000007, 0.2667359999999999, 0.258832, 0.21900800000000004, 0.21152, 0.183296, 0.146192, 0.12787199999999999, 0.11892799999999999, 0.10625600000000002], "model": "Noise"}