{"dxs": [0, 5, 10, 15, 20, 25, 30, 35, 40, 45, 50, 55, 60, 65, 70, 75, 80, 85, 90, 95], "dys": [0, 5, 10, 15, 20, 25, 30, 35, 40, 45, 50, 55, 60, 65, 70, 75, 80, 85, 90, 95], "iters": 10, "losses": [0.01445541918480103, 0.11471323588645646, 0.23029930427419454, 0.33634948750077565, 0.44021736984017473, 0.5984816479999335, 0.8949863576394455, 1.3775477124438114, 1.8342749901209026, 2.1964688600227236, 3.039348741658032, 3.7214652915298934, 4.68257768124342, 5.554508390426635, 6.39316066339612, 6.978968424201011, 7.55229352593422, 8.111602255105971, 8.31057106614113, 8.971289181709288], "test_losses": [3.64581040725112, 3.9087123036384583, 4.119283711314202, 4.303035871088505, 4.3523254472017285, 4.467614090368151, 4.711564940214158, 4.997528297305108, 5.321724839955569, 5.535155643820763, 5.900522227585315, 6.369091231822967, 6.84989323735237, 7.319343454837799, 7.833083006739618, 8.070574815273286, 8.243079786300658, 8.589369051456451, 8.604069098234175, 9.118430809974672], "accuracies": [0.9928000000000001, 0.9707999999999999, 0.9466800000000001, 0.92684, 0.90808, 0.87816, 0.8216000000000001, 0.74824, 0.67052, 0.61028, 0.48636, 0.40447999999999995, 0.30804, 0.23712, 0.17071999999999998, 0.13008, 0.09572, 0.06908, 0.051000000000000004, 0.033], "test_accuracies": [0.4756, 0.44412, 0.41980000000000006, 0.40492, 0.39676000000000006, 0.3788, 0.35804, 0.3307999999999999, 0.29951999999999995, 0.27832, 0.24012000000000003, 0.20472, 0.1648, 0.13948, 0.11208000000000003, 0.09104, 0.07567999999999998, 0.061360000000000005, 0.04784000000000001, 0.03731999999999999], "model": "SWA"}