{"dxs": [0, 5, 10, 15, 20, 25, 30, 35, 40, 45, 50, 55, 60, 65, 70, 75, 80, 85, 90, 95], "dys": [0, 5, 10, 15, 20, 25, 30, 35, 40, 45, 50, 55, 60, 65, 70, 75, 80, 85, 90, 95], "iters": 10, "losses": [0.017497697949486333, 0.13604573206655912, 0.35428805674838254, 0.5140347374050178, 0.704214016244514, 0.9277021451588372, 1.3633806734907559, 1.7971910919342189, 2.471584874717519, 3.0563930161297317, 3.8378505153954032, 4.728310003578662, 5.677181223332882, 6.537261978387832, 7.658636103272438, 8.20724383831024, 8.73375153541565, 9.07241027534008, 9.297492626905441, 9.957630341053008], "test_losses": [4.112287728488445, 4.365869012661278, 4.612870809435845, 4.727664057919755, 4.965155106186867, 5.230464254021644, 5.570464891791343, 5.622072655260562, 6.032629429996014, 6.345607597529888, 6.849586465656756, 7.3047745460271845, 7.740355945825579, 8.298388500213623, 8.957776634693147, 9.317742829322814, 9.478596708774564, 9.55271559357643, 9.604225100278855, 10.020099843740464], "accuracies": [0.9879999999999998, 0.9616, 0.9200800000000001, 0.8857200000000001, 0.85664, 0.8194000000000001, 0.7571599999999999, 0.6906, 0.5959999999999999, 0.5201199999999999, 0.4384, 0.34124000000000004, 0.26388, 0.20295999999999997, 0.14171999999999998, 0.11416, 0.0846, 0.06152, 0.043480000000000005, 0.033159999999999995], "test_accuracies": [0.4448, 0.41548000000000007, 0.38519999999999993, 0.37344, 0.35536, 0.32944, 0.30764, 0.29488, 0.26008000000000003, 0.23904, 0.20187999999999998, 0.1714, 0.14248, 0.11684000000000001, 0.09192, 0.07772, 0.06587999999999998, 0.05332, 0.04428, 0.03388], "model": "Adam"}