{"nsteps": 50, "losses": [0.08864936827446286, 0.1265354363247752, 0.20652509822975845, 0.3696255799382925, 0.6545153141021729, 1.0711172223091125, 1.7312942892313004, 2.5054806977510453, 3.3346800416707993, 4.171619588136673, 4.865542113780975, 5.458179914951325, 5.9813910841941835, 6.217821407318115, 6.461932706832886, 6.6446019291877745, 6.593990910053253, 6.566886842250824, 6.572725415229797, 6.398751819133759, 6.287529218196869, 6.1444367408752445, 5.981437504291534, 5.815093004703522, 5.670219194889069, 5.580686604976654, 5.526771450042725, 5.481526947021484, 5.4606096863746645, 5.4707788825035095, 5.502345538139343, 5.537042653560638, 5.644693231582641, 5.662668609619141, 5.813000524044037, 5.887215077877045, 6.019328880310058, 6.165599298477173, 6.281446254253387, 6.331940364837647, 6.386826920509338, 6.298636519908905, 6.016385424137115, 5.2967297494411465, 4.288008028268814, 2.946943295001984, 1.5364373981952668, 0.47334079082356767, 0.07038456585723907, 0.015975637690280563, 0.01444978125432499], "test_losses": [4.787552011013031, 4.51807062625885, 4.283917433023452, 4.220865195989608, 4.101687413454056, 4.223626512289047, 4.389496701955795, 4.642572689056396, 5.066636872291565, 5.463416695594788, 5.734705328941345, 6.066814720630646, 6.2790430068969725, 6.48860764503479, 6.606271040439606, 6.6344065308570865, 6.6724426507949826, 6.633207452297211, 6.483711159229278, 6.454621315002441, 6.277522873878479, 6.123686075210571, 5.943749797344208, 5.8322894215583805, 5.7221520185470585, 5.560014021396637, 5.56456778049469, 5.477073299884796, 5.410992550849914, 5.4395268082618715, 5.508021974563599, 5.570332741737365, 5.61757253408432, 5.725190818309784, 5.7900514960289, 5.917269515991211, 6.0123457431793215, 6.1797965407371525, 6.318908905982971, 6.4851220607757565, 6.6163806319236755, 6.62472232580185, 6.536953783035278, 6.208552694320678, 5.687207317352295, 4.972063279151916, 4.23699404001236, 3.826952117681503, 3.5330815732479097, 3.5551831245422365, 3.6509833693504334], "accuracies": [0.9628, 0.9524, 0.93, 0.8808, 0.7984, 0.6988, 0.5488, 0.3816, 0.2548, 0.1668, 0.1072, 0.0644, 0.0428, 0.0284, 0.0236, 0.0216, 0.0208, 0.0204, 0.02, 0.02, 0.02, 0.02, 0.0204, 0.0208, 0.0208, 0.0212, 0.0236, 0.0232, 0.0204, 0.02, 0.02, 0.02, 0.02, 0.02, 0.0204, 0.0228, 0.026, 0.0296, 0.0312, 0.032, 0.034, 0.0408, 0.0572, 0.1016, 0.1852, 0.3516, 0.6008, 0.8472, 0.976, 0.9932, 0.9928], "test_accuracies": [0.4004, 0.3936, 0.37, 0.3416, 0.3096, 0.2644, 0.2236, 0.1656, 0.1232, 0.082, 0.062, 0.0444, 0.0348, 0.0284, 0.0248, 0.0212, 0.02, 0.0196, 0.02, 0.0196, 0.0192, 0.0192, 0.0192, 0.0188, 0.02, 0.0216, 0.022, 0.0212, 0.02, 0.02, 0.02, 0.02, 0.02, 0.02, 0.0204, 0.0212, 0.0252, 0.0308, 0.03, 0.0296, 0.0292, 0.0312, 0.0392, 0.0632, 0.1052, 0.1692, 0.2484, 0.3332, 0.402, 0.452, 0.4756], "l2_distance": 0.008004230447113514, "l2_convs": 3.625673343776725e-05, "l2_bn": 0.4692280888557434, "model1": "Noise", "model2": "SWA"}