{"nsteps": 50, "losses": [0.016561973912030226, 0.029178912576702486, 0.1951545955711481, 0.7034901440143585, 1.6461429670453072, 2.7581242501735685, 4.040016448497772, 5.168078684806824, 6.058926355838776, 6.6426943898200985, 7.032707631587982, 7.2551773428916935, 7.427780401706696, 7.422045886516571, 7.2380192399024965, 7.120889115333557, 6.896260476112365, 6.7178965449333194, 6.545731604099274, 6.355730271339416, 6.183604109287262, 6.115375983715057, 6.069675576686859, 6.0407961249351505, 6.062270259857177, 6.112737393379211, 6.219349670410156, 6.28443146944046, 6.505893397331238, 6.700001072883606, 6.810798954963684, 6.999393808841705, 7.198924434185028, 7.312892401218415, 7.435701847076416, 7.475535333156586, 7.486373877525329, 7.498857045173645, 7.215204179286957, 6.77457228899002, 6.211527895927429, 5.346835589408874, 4.3358327627182005, 3.278278511762619, 2.233309829235077, 1.3760384932160377, 0.7761008679866791, 0.4228153025731444, 0.23072686800733208, 0.13652583435177804, 0.08866732733877143], "test_losses": [4.058586587011814, 4.031860530376434, 4.1913578569889065, 4.410045498609543, 4.859345161914826, 5.280965888500214, 5.856239044666291, 6.346794992685318, 6.863567781448364, 7.158656203746796, 7.448639976978302, 7.582471978664398, 7.53127155303955, 7.520486688613891, 7.297298872470856, 7.11039445400238, 6.8939278483390805, 6.740958297252655, 6.548520863056183, 6.346792805194855, 6.213052904605865, 6.139201533794403, 6.034119856357575, 5.990514206886291, 6.04730634689331, 6.121967971324921, 6.290355336666107, 6.3218581199646, 6.488112044334412, 6.6440710663795475, 6.798381376266479, 6.987232840061187, 7.188118851184845, 7.372024118900299, 7.419189369678497, 7.5515034914016725, 7.598165380954742, 7.6638420701026915, 7.51183865070343, 7.278711211681366, 6.877541875839233, 6.355106854438782, 5.797205293178559, 5.269863438606262, 4.746341645717621, 4.455063313245773, 4.190247803926468, 4.141727417707443, 4.269410091638565, 4.495611524581909, 4.776087015867233], "accuracies": [0.988, 0.9848, 0.9316, 0.784, 0.5796, 0.3688, 0.2236, 0.126, 0.0732, 0.0468, 0.0332, 0.0264, 0.0224, 0.0212, 0.0204, 0.02, 0.02, 0.02, 0.02, 0.02, 0.02, 0.02, 0.02, 0.02, 0.02, 0.02, 0.02, 0.02, 0.02, 0.02, 0.02, 0.02, 0.02, 0.02, 0.02, 0.02, 0.0204, 0.0204, 0.0228, 0.028, 0.0424, 0.0808, 0.162, 0.2712, 0.4356, 0.6304, 0.7712, 0.8692, 0.9236, 0.9512, 0.9628], "test_accuracies": [0.4448, 0.4116, 0.3552, 0.2944, 0.2212, 0.1644, 0.1096, 0.0684, 0.0476, 0.0352, 0.0288, 0.0256, 0.0232, 0.0216, 0.0208, 0.0212, 0.0212, 0.0208, 0.0204, 0.02, 0.02, 0.02, 0.02, 0.02, 0.02, 0.02, 0.02, 0.02, 0.02, 0.02, 0.02, 0.02, 0.02, 0.02, 0.02, 0.02, 0.02, 0.022, 0.024, 0.03, 0.0384, 0.0564, 0.0932, 0.1296, 0.1912, 0.2456, 0.2972, 0.3352, 0.3684, 0.3928, 0.4004], "l2_distance": 0.0040531097911298275, "l2_convs": 3.867598206852563e-05, "l2_bn": 0.23759537935256958, "model1": "Adam", "model2": "Noise"}