{"nsteps": 50, "losses": [0.014450617248257913, 0.02053582812368404, 0.1219565053761471, 0.5699727967381477, 1.4898859798908233, 2.606392797827721, 3.8014755666255953, 4.901978105306625, 5.6086689829826355, 6.055007553100586, 6.355925071239471, 6.456780099868775, 6.413819789886475, 6.306168901920318, 6.260676085948944, 6.091525936126709, 6.023784005641938, 5.884220707416534, 5.784836840629578, 5.783058202266693, 5.75714807510376, 5.678779590129852, 5.682601463794708, 5.6800707340240475, 5.760966634750366, 5.852879083156585, 5.972062361240387, 6.0816699981689455, 6.195047307014465, 6.315209436416626, 6.457244551181793, 6.572783100605011, 6.662262046337128, 6.748541617393494, 6.773300814628601, 6.756754767894745, 6.707234191894531, 6.6118820905685425, 6.474112129211425, 6.3056894659996034, 5.95070788860321, 5.5424927234649655, 4.849179071187973, 4.242188757658004, 3.4166763961315154, 2.504885572195053, 1.6505853831768036, 0.9557797849178314, 0.36087120370939374, 0.06583376419730484, 0.01655909052642528], "test_losses": [3.696613520383835, 3.6133324205875397, 3.74917933344841, 3.872060114145279, 4.249848800897598, 4.749225550889969, 5.390462064743042, 5.878131866455078, 6.328963780403138, 6.605947208404541, 6.608602750301361, 6.65189961194992, 6.533473908901215, 6.4082906484603885, 6.265213024616242, 6.1451841473579405, 5.972972059249878, 5.92279304265976, 5.807192099094391, 5.741681432723999, 5.703410029411316, 5.7017738819122314, 5.6821584582328795, 5.738571810722351, 5.690066337585449, 5.882634675502777, 5.955392861366272, 6.121078169345855, 6.1751926898956295, 6.364369523525238, 6.475179517269135, 6.578661680221558, 6.655852830410003, 6.738976919651032, 6.827605402469635, 6.842965793609619, 6.857973754405975, 6.855186986923218, 6.830762493610382, 6.691105437278748, 6.49868391752243, 6.307534563541412, 6.047379875183106, 5.774724543094635, 5.432450366020203, 5.089468097686767, 4.734882932901383, 4.568565392494202, 4.333364808559418, 4.212956488132477, 4.175967794656754], "accuracies": [0.9928, 0.9932, 0.9596, 0.8316, 0.6156, 0.3924, 0.2216, 0.1336, 0.0788, 0.05, 0.0348, 0.032, 0.0308, 0.0308, 0.0296, 0.0276, 0.028, 0.0256, 0.0216, 0.02, 0.0184, 0.0188, 0.0192, 0.02, 0.02, 0.02, 0.02, 0.02, 0.02, 0.02, 0.02, 0.02, 0.02, 0.02, 0.0208, 0.0216, 0.0232, 0.0272, 0.034, 0.05, 0.0652, 0.0924, 0.1292, 0.1888, 0.2776, 0.4212, 0.586, 0.734, 0.876, 0.9724, 0.988], "test_accuracies": [0.4756, 0.4396, 0.3916, 0.3308, 0.2604, 0.1856, 0.1268, 0.0812, 0.0544, 0.0364, 0.0308, 0.028, 0.0264, 0.0256, 0.0264, 0.026, 0.0248, 0.0228, 0.0208, 0.02, 0.0184, 0.018, 0.0192, 0.02, 0.02, 0.02, 0.02, 0.02, 0.02, 0.02, 0.02, 0.02, 0.02, 0.02, 0.02, 0.02, 0.02, 0.0208, 0.0256, 0.036, 0.0456, 0.0596, 0.0784, 0.1, 0.1372, 0.1868, 0.2392, 0.288, 0.3404, 0.3948, 0.4448], "l2_distance": 0.003951816353946924, "l2_convs": 3.495113560347818e-05, "l2_bn": 0.2316589057445526, "model1": "SWA", "model2": "Adam"}